,model,epochs,batch_size,initial_lr,fold,train_examples,sampling,train_time,test_time,filename,f1,precision,recall,bal_acc
0,ABLE,50.0,128.0,0.0001,1,114717.0,NONE,711.7123501300812,1.1855924129486084,../results/dl/ABLE_NONE_1_50_128.npy,0.2224047976886238,0.474381931333223,0.20385213602142743,0.20385213602142743
1,ABLE,50.0,128.0,0.0001,1,520702.0,SMOTE,3650.07115483284,1.196382761001587,../results/dl/ABLE_SMOTE_1_50_128.npy,0.7941801517750792,0.7945483397212444,0.7978038040005756,0.7978038040005756
2,ABLE,50.0,128.0,0.0001,2,114717.0,NONE,741.327867269516,1.2336938381195068,../results/dl/ABLE_NONE_2_50_128.npy,0.21919336517018714,0.6027565768001625,0.19991059327371205,0.19991059327371205
3,ABLE,50.0,128.0,0.0001,2,520702.0,SMOTE,3730.469363927841,1.3170013427734375,../results/dl/ABLE_SMOTE_2_50_128.npy,0.8209692905003304,0.8294321913220044,0.8154375230870541,0.8154375230870541
4,ABLE,50.0,128.0,0.0001,3,114717.0,NONE,788.9960360527039,1.2042417526245117,../results/dl/ABLE_NONE_3_50_128.npy,0.25438246227190336,0.528909823569208,0.22224156660144273,0.22224156660144273
5,ABLE,50.0,128.0,0.0001,3,520702.0,SMOTE,3724.3304975032806,1.6943693161010742,../results/dl/ABLE_SMOTE_3_50_128.npy,0.8377846275954951,0.8539765823863796,0.8246319288337526,0.8246319288337526
6,ABLE,50.0,128.0,0.0001,4,114717.0,NONE,791.7307183742523,1.6379873752593994,../results/dl/ABLE_NONE_4_50_128.npy,0.2790327683179759,0.5059631617587911,0.24237513251174075,0.24237513251174075
7,ABLE,50.0,128.0,0.0001,4,520709.0,SMOTE,3991.484924554825,1.1994993686676025,../results/dl/ABLE_SMOTE_4_50_128.npy,0.8370157904845751,0.8385488150025565,0.8359202848350346,0.8359202848350346
8,ABLE,50.0,128.0,0.0001,5,114718.0,NONE,770.0015187263489,1.2044553756713867,../results/dl/ABLE_NONE_5_50_128.npy,0.3411219179144157,0.6885314691354034,0.28570587138692005,0.28570587138692005
9,ABLE,50.0,128.0,0.0001,5,520709.0,SMOTE,3734.2784900665283,1.1820716857910156,../results/dl/ABLE_SMOTE_5_50_128.npy,0.8398977154019469,0.8444436139676997,0.8381132867311852,0.8381132867311852
10,ABLE,50.0,128.0,0.0001,6,114718.0,NONE,758.2709901332855,1.3239521980285645,../results/dl/ABLE_NONE_6_50_128.npy,0.2789708138753921,0.7098005480833985,0.23786195172051644,0.23786195172051644
11,ABLE,50.0,128.0,0.0001,6,520709.0,SMOTE,3727.2525815963745,1.2186088562011719,../results/dl/ABLE_SMOTE_6_50_128.npy,0.8510563936488901,0.8604624277707299,0.8421226027502787,0.8421226027502787
12,ABLE,50.0,128.0,0.0001,7,114718.0,NONE,759.5596284866333,1.1991257667541504,../results/dl/ABLE_NONE_7_50_128.npy,0.2660065846103332,0.5455533570927621,0.2308981240530752,0.2308981240530752
13,ABLE,50.0,128.0,0.0001,7,520709.0,SMOTE,3726.4539110660553,1.2075564861297607,../results/dl/ABLE_SMOTE_7_50_128.npy,0.8466460699458518,0.8426456430741168,0.8512272136994176,0.8512272136994176
14,ABLE,50.0,128.0,0.0001,8,114718.0,NONE,750.7343349456787,1.3292148113250732,../results/dl/ABLE_NONE_8_50_128.npy,0.22678654240474055,0.6061987502351235,0.20329263602054157,0.20329263602054157
15,ABLE,50.0,128.0,0.0001,8,520709.0,SMOTE,3733.3795092105865,1.328429937362671,../results/dl/ABLE_SMOTE_8_50_128.npy,0.855354118194219,0.8726599656971669,0.8413374813781521,0.8413374813781521
16,ABLE,50.0,128.0,0.0001,9,114718.0,NONE,750.8345377445221,1.2049274444580078,../results/dl/ABLE_NONE_9_50_128.npy,0.2717039288277853,0.5551639801594226,0.23537564597008478,0.23537564597008478
17,ABLE,50.0,128.0,0.0001,9,520709.0,SMOTE,3735.3576834201813,1.1982450485229492,../results/dl/ABLE_SMOTE_9_50_128.npy,0.8554146004421401,0.8639691023378295,0.8479347334469276,0.8479347334469276
18,ABLE,50.0,128.0,0.0001,10,114718.0,NONE,755.3524782657623,1.2998197078704834,../results/dl/ABLE_NONE_10_50_128.npy,0.2514137324916638,0.560019235198849,0.21965545104095888,0.21965545104095888
19,ABLE,50.0,128.0,0.0001,10,520709.0,SMOTE,3746.1362154483795,1.2318799495697021,../results/dl/ABLE_SMOTE_10_50_128.npy,0.8001508298129509,0.7878072161473492,0.8142657688034591,0.8142657688034591
20,PassiveAggressiveClassifier,,,,1,,NONE,6.974570274353027,0.16796565055847168,,0.1788094151114116,0.3467912392572477,0.19324009290123553,0.19324009290123553
21,Perceptron,,,,1,,NONE,3.222280263900757,0.013608932495117188,,0.13443867017251204,0.2550750538999285,0.15108198231929174,0.15108198231929174
22,RidgeClassifier,,,,1,,NONE,0.6434366703033447,0.007393836975097656,,0.14630671914307056,0.2649206276690401,0.15619174505839345,0.15619174505839345
23,SGDClassifier,,,,1,,NONE,39.14766836166382,0.013822078704833984,,0.20397711638358113,0.2774763304286064,0.2608008859608105,0.2608008859608105
24,LogisticRegression,,,,1,,NONE,18.08703374862671,0.017410755157470703,,0.2057964008129999,0.2504413674557018,0.197206122010224,0.197206122010224
25,LinearDiscriminantAnalysis,,,,1,,NONE,7.834731340408325,0.034514427185058594,,0.24526221199863377,0.3879057644287576,0.22375907044666482,0.22375907044666482
26,QuadraticDiscriminantAnalysis,,,,1,,NONE,4.62436318397522,0.2427690029144287,,0.3524955999656615,0.38510768400085676,0.5929833927502409,0.5929833927502409
27,BernoulliNB,,,,1,,NONE,0.35819220542907715,0.07241272926330566,,0.17906930043943267,0.22089000913553344,0.2464880635298228,0.2464880635298228
28,GaussianNB,,,,1,,NONE,0.23749208450317383,0.14679837226867676,,0.043002410508039775,0.17470662672976914,0.17240560659663431,0.17240560659663431
29,KNeighborsClassifier,,,,1,,NONE,4.228935956954956,166.18125796318054,,0.6920272848455701,0.7536052746687202,0.6464691794012447,0.6464691794012447
30,NearestCentroid,,,,1,,NONE,0.0658419132232666,0.03770756721496582,,0.15773238741687132,0.19206985751117883,0.2231940422032292,0.2231940422032292
31,DecisionTreeClassifier,,,,1,,NONE,80.36552810668945,0.00665736198425293,,0.8240187350537781,0.8173940317239522,0.83104450936581,0.83104450936581
32,AdaBoostClassifier,,,,1,,NONE,171.31119775772095,0.19168448448181152,,0.13015593168356812,0.2559586244136209,0.14812560821471701,0.14812560821471701
33,LGBM,,,,1,,NONE,47.53134775161743,0.11868643760681152,,0.5779260847649399,0.938086574194128,0.45954250436482574,0.45954250436482574
34,PassiveAggressiveClassifier,,,,1,,SMOTE,29.68284273147583,0.0862126350402832,,0.1924023880776266,0.20581845113221608,0.23281012400652687,0.23281012400652687
35,Perceptron,,,,1,,SMOTE,21.063620805740356,0.015871047973632812,,0.17497193224672375,0.2251458164556678,0.32131092671621453,0.32131092671621453
36,RidgeClassifier,,,,1,,SMOTE,2.772336483001709,0.012667179107666016,,0.25466732526201524,0.2554945258033842,0.3729322737847753,0.3729322737847753
37,SGDClassifier,,,,1,,SMOTE,326.5019965171814,0.054288625717163086,,0.18161752633063907,0.34963693187041,0.31953081580284454,0.31953081580284454
38,LogisticRegression,,,,1,,SMOTE,79.03049302101135,0.018672704696655273,,0.22057251137592665,0.23697725223631497,0.35120683048507656,0.35120683048507656
39,LinearDiscriminantAnalysis,,,,1,,SMOTE,49.01061534881592,0.03218960762023926,,0.2532746745774926,0.25001177314032247,0.37033178246727666,0.37033178246727666
40,QuadraticDiscriminantAnalysis,,,,1,,SMOTE,23.47866678237915,0.4263014793395996,,0.34526736722547735,0.33747165247382777,0.5515258762488553,0.5515258762488553
41,BernoulliNB,,,,1,,SMOTE,1.6544888019561768,0.0725245475769043,,0.16210340246327773,0.19925189438379357,0.2576174418259721,0.2576174418259721
42,GaussianNB,,,,1,,SMOTE,1.0799269676208496,0.12124919891357422,,0.045943827410165096,0.1757799839411546,0.17623334510781247,0.17623334510781247
43,KNeighborsClassifier,,,,1,,SMOTE,30.94969081878662,449.95739817619324,,0.5722382870783403,0.48599371344928743,0.8432553784660163,0.8432553784660163
44,NearestCentroid,,,,1,,SMOTE,0.30533742904663086,0.02597951889038086,,0.16018741887643353,0.1966573371069197,0.2259690273366775,0.2259690273366775
45,DecisionTreeClassifier,,,,1,,SMOTE,271.66933035850525,0.0071868896484375,,0.7652425098878266,0.7095811829949046,0.8376845024625537,0.8376845024625537
46,AdaBoostClassifier,,,,1,,SMOTE,996.6185367107391,0.19405531883239746,,0.2033745589843546,0.2164110164575123,0.2922904223041397,0.2922904223041397
47,LGBM,,,,1,,SMOTE,191.75112104415894,0.1276564598083496,,0.5312122210826342,0.4646239050840958,0.6732661368619564,0.6732661368619564
48,PassiveAggressiveClassifier,,,,2,,NONE,5.521191835403442,0.014021635055541992,,0.1538072516655973,0.25745397909474066,0.16831953791192328,0.16831953791192328
49,Perceptron,,,,2,,NONE,3.5405707359313965,0.013522148132324219,,0.175511501511101,0.25241927279662973,0.20807160626087826,0.20807160626087826
50,RidgeClassifier,,,,2,,NONE,0.5355186462402344,0.007995367050170898,,0.14336116172918162,0.2640348452891787,0.15442040486516304,0.15442040486516304
51,SGDClassifier,,,,2,,NONE,44.972922563552856,0.013536691665649414,,0.17920688080377367,0.40745680172509413,0.2491657731541514,0.2491657731541514
52,LogisticRegression,,,,2,,NONE,16.396284341812134,0.018128633499145508,,0.20921119210943356,0.2954076270719828,0.1984244937332753,0.1984244937332753
53,LinearDiscriminantAnalysis,,,,2,,NONE,7.777350425720215,0.01713728904724121,,0.23054444351884287,0.3566758319960307,0.21528238361204172,0.21528238361204172
54,QuadraticDiscriminantAnalysis,,,,2,,NONE,4.305756092071533,0.24168777465820312,,0.3385957474282045,0.36738068114246125,0.5849450858679663,0.5849450858679663
55,BernoulliNB,,,,2,,NONE,0.36928367614746094,0.07711172103881836,,0.1789515715690651,0.22351698446530552,0.24068857357930273,0.24068857357930273
56,GaussianNB,,,,2,,NONE,0.24138569831848145,0.11733412742614746,,0.04494013507345651,0.17608655310314278,0.17782749319757446,0.17782749319757446
57,KNeighborsClassifier,,,,2,,NONE,4.3099682331085205,156.5122570991516,,0.6803918187631088,0.7461803535206892,0.6317380862673844,0.6317380862673844
58,NearestCentroid,,,,2,,NONE,0.06254911422729492,0.01869368553161621,,0.15674002180675656,0.17979651372423539,0.214604751160477,0.214604751160477
59,DecisionTreeClassifier,,,,2,,NONE,79.19319176673889,0.006460905075073242,,0.8302247903591861,0.8255416733855779,0.8350733354560721,0.8350733354560721
60,AdaBoostClassifier,,,,2,,NONE,166.15505266189575,0.19017314910888672,,0.12756964401995646,0.3261467729529403,0.14675179830510957,0.14675179830510957
61,LGBM,,,,2,,NONE,43.33528161048889,0.1121819019317627,,0.5607408581571801,0.9261876796525057,0.44794533035781203,0.44794533035781203
62,PassiveAggressiveClassifier,,,,2,,SMOTE,28.16443681716919,0.013931989669799805,,0.10485347084390231,0.21925322134634914,0.2266616658019216,0.2266616658019216
63,Perceptron,,,,2,,SMOTE,15.183515071868896,0.013573408126831055,,0.15809320039447172,0.23272915372429862,0.2714616071918215,0.2714616071918215
64,RidgeClassifier,,,,2,,SMOTE,1.8058531284332275,0.017962217330932617,,0.2527652920888191,0.25305533442915756,0.36689201550403533,0.36689201550403533
65,SGDClassifier,,,,2,,SMOTE,355.81577706336975,0.013828516006469727,,0.2198044084319343,0.2566569052837054,0.3205582173203797,0.3205582173203797
66,LogisticRegression,,,,2,,SMOTE,76.52348804473877,0.02130293846130371,,0.22018002413375018,0.23587434644045552,0.34952803556764916,0.34952803556764916
67,LinearDiscriminantAnalysis,,,,2,,SMOTE,39.26779890060425,0.03808307647705078,,0.255043506369364,0.250443408351158,0.3691703108320713,0.3691703108320713
68,QuadraticDiscriminantAnalysis,,,,2,,SMOTE,22.982266664505005,0.4045693874359131,,0.3322423168348551,0.3275352919230687,0.5351331487605755,0.5351331487605755
69,BernoulliNB,,,,2,,SMOTE,1.694730520248413,0.08803868293762207,,0.16406328558224917,0.19931487365108103,0.26084177922349294,0.26084177922349294
70,GaussianNB,,,,2,,SMOTE,1.074730396270752,0.11948537826538086,,0.045517866374654894,0.1698884705682669,0.1781185471653817,0.1781185471653817
71,KNeighborsClassifier,,,,2,,SMOTE,30.93440008163452,5331.1555552482605,,0.5765610380424449,0.49034467880161275,0.8412287269644978,0.8412287269644978
72,NearestCentroid,,,,2,,SMOTE,0.3015105724334717,0.028282642364501953,,0.15760287278429846,0.18039303072075202,0.2152562084530758,0.2152562084530758
73,DecisionTreeClassifier,,,,2,,SMOTE,268.9055907726288,0.005755424499511719,,0.7685164110261141,0.7118547680452435,0.8427447834634877,0.8427447834634877
74,AdaBoostClassifier,,,,2,,SMOTE,1019.3636999130249,0.18728208541870117,,0.19727385132540867,0.2116183410956989,0.28782905387096225,0.28782905387096225
75,LGBM,,,,2,,SMOTE,199.47276639938354,0.12720417976379395,,0.5249162953960572,0.45872552223511326,0.6686476905378006,0.6686476905378006
76,PassiveAggressiveClassifier,,,,3,,NONE,6.032821893692017,0.013921260833740234,,0.1404893213934927,0.29896765750609605,0.15321862447089854,0.15321862447089854
77,Perceptron,,,,3,,NONE,3.3529205322265625,0.013902664184570312,,0.17410902856823599,0.3005417619682666,0.24569017812632005,0.24569017812632005
78,RidgeClassifier,,,,3,,NONE,0.5367860794067383,0.0069866180419921875,,0.14412193387755168,0.26165849627045595,0.1548852859457226,0.1548852859457226
79,SGDClassifier,,,,3,,NONE,40.18821334838867,0.013491392135620117,,0.14600444108055763,0.33530382135153924,0.15609479972402848,0.15609479972402848
80,LogisticRegression,,,,3,,NONE,17.37683916091919,0.018285512924194336,,0.20213333112701964,0.25270657085439807,0.19317308982403655,0.19317308982403655
81,LinearDiscriminantAnalysis,,,,3,,NONE,7.435009002685547,0.01891040802001953,,0.23684140917582056,0.378364945209898,0.21535432217538536,0.21535432217538536
82,QuadraticDiscriminantAnalysis,,,,3,,NONE,4.407130479812622,0.23906660079956055,,0.34346677004219056,0.3713758918850042,0.6004336890012841,0.6004336890012841
83,BernoulliNB,,,,3,,NONE,0.36182355880737305,0.0767822265625,,0.17951066615579353,0.20643226373544454,0.24038433365785314,0.24038433365785314
84,GaussianNB,,,,3,,NONE,0.24430203437805176,0.12169575691223145,,0.042349039705946404,0.17356120711892367,0.16976303798675904,0.16976303798675904
85,KNeighborsClassifier,,,,3,,NONE,4.354550123214722,159.91554141044617,,0.6736768119756353,0.7336648110768376,0.629217579715565,0.629217579715565
86,NearestCentroid,,,,3,,NONE,0.061567068099975586,0.018759489059448242,,0.15456874568476958,0.18072108134729764,0.20967662327890804,0.20967662327890804
87,DecisionTreeClassifier,,,,3,,NONE,78.37646985054016,0.006449222564697266,,0.8337302280481279,0.8316744602885235,0.8359996302950762,0.8359996302950762
88,AdaBoostClassifier,,,,3,,NONE,165.31616067886353,0.1824660301208496,,0.13336670090103836,0.32942071055404915,0.14983051227577754,0.14983051227577754
89,LGBM,,,,3,,NONE,40.92370867729187,0.11619019508361816,,0.5755928227310554,0.9444115156051026,0.4580031555810142,0.4580031555810142
90,PassiveAggressiveClassifier,,,,3,,SMOTE,27.351492166519165,0.01360774040222168,,0.14942042724100868,0.20783531982774356,0.2553349916575006,0.2553349916575006
91,Perceptron,,,,3,,SMOTE,15.874857187271118,0.013614177703857422,,0.12466046810428776,0.22761869368193874,0.20527944133014994,0.20527944133014994
92,RidgeClassifier,,,,3,,SMOTE,1.7879722118377686,0.0074388980865478516,,0.2543189562884443,0.2550387300007341,0.37146938621272146,0.37146938621272146
93,SGDClassifier,,,,3,,SMOTE,337.25278425216675,0.013843059539794922,,0.189583128557227,0.24552324412225843,0.29948718338929703,0.29948718338929703
94,LogisticRegression,,,,3,,SMOTE,97.40226030349731,0.028099775314331055,,0.22052293246971882,0.23526925928138073,0.34782996484285683,0.34782996484285683
95,LinearDiscriminantAnalysis,,,,3,,SMOTE,43.968568563461304,0.08794665336608887,,0.25800232911079213,0.2528845651616009,0.37779180986034566,0.37779180986034566
96,QuadraticDiscriminantAnalysis,,,,3,,SMOTE,37.547823429107666,0.5584142208099365,,0.33702412951960786,0.33117822495569393,0.5462344933627299,0.5462344933627299
97,BernoulliNB,,,,3,,SMOTE,2.030592203140259,0.10932540893554688,,0.16431275468801015,0.20176392063219348,0.25643772068076387,0.25643772068076387
98,GaussianNB,,,,3,,SMOTE,1.2347908020019531,0.13381528854370117,,0.04522312212739743,0.17392307080890296,0.17396745572588035,0.17396745572588035
99,KNeighborsClassifier,,,,3,,SMOTE,34.23833894729614,441.1417212486267,,0.5778256623077486,0.49007049540289954,0.8414226657026317,0.8414226657026317
100,NearestCentroid,,,,3,,SMOTE,0.30321812629699707,0.025106191635131836,,0.1547201820852622,0.18511225951548052,0.20903117650593192,0.20903117650593192
101,DecisionTreeClassifier,,,,3,,SMOTE,288.04237961769104,0.007288217544555664,,0.7734931941939722,0.7219142904098963,0.8390732478152009,0.8390732478152009
102,AdaBoostClassifier,,,,3,,SMOTE,1003.0598056316376,0.19156098365783691,,0.20289530456558919,0.2176006701107826,0.287041478739024,0.287041478739024
103,LGBM,,,,3,,SMOTE,187.9026641845703,0.12016105651855469,,0.5315169573312134,0.46523072894254647,0.6682008755111147,0.6682008755111147
104,PassiveAggressiveClassifier,,,,4,,NONE,6.328914403915405,0.01343393325805664,,0.14394271591471988,0.43089226886178494,0.15474502200657464,0.15474502200657464
105,Perceptron,,,,4,,NONE,2.597487688064575,0.014298200607299805,,0.17048903014902314,0.3263951616281731,0.24559230466986967,0.24559230466986967
106,RidgeClassifier,,,,4,,NONE,0.5577924251556396,0.06927680969238281,,0.14996125121678003,0.26230925685319495,0.1580211534063389,0.1580211534063389
107,SGDClassifier,,,,4,,NONE,30.799386024475098,0.013671398162841797,,0.2003625012871466,0.33436429538493845,0.24813459598480891,0.24813459598480891
108,LogisticRegression,,,,4,,NONE,17.818108558654785,0.021469593048095703,,0.21513570656354317,0.2804440896896778,0.20377928549212534,0.20377928549212534
109,LinearDiscriminantAnalysis,,,,4,,NONE,7.18791389465332,0.019060850143432617,,0.2565292510208231,0.4001135496913892,0.23328684614820322,0.23328684614820322
110,QuadraticDiscriminantAnalysis,,,,4,,NONE,4.049191474914551,0.23754620552062988,,0.34312322130382167,0.36670839613774586,0.6092461300711014,0.6092461300711014
111,BernoulliNB,,,,4,,NONE,0.3586282730102539,0.0701904296875,,0.18214413971634852,0.2151468928260948,0.2536829339916236,0.2536829339916236
112,GaussianNB,,,,4,,NONE,0.237473726272583,0.11826443672180176,,0.04944688484626617,0.17761562120618996,0.1787819350652065,0.1787819350652065
113,KNeighborsClassifier,,,,4,,NONE,4.226241588592529,157.2460584640503,,0.6994795084036299,0.7539369418877107,0.6574655004991626,0.6574655004991626
114,NearestCentroid,,,,4,,NONE,0.06161761283874512,0.018743038177490234,,0.16236482568186333,0.19248842834384378,0.23297055302568287,0.23297055302568287
115,DecisionTreeClassifier,,,,4,,NONE,78.54612851142883,0.0064198970794677734,,0.8345628957517975,0.8256492954825296,0.8442767570038594,0.8442767570038594
116,AdaBoostClassifier,,,,4,,NONE,162.51337456703186,0.18089723587036133,,0.1300052685513336,0.26433623855149124,0.14786102432871134,0.14786102432871134
117,LGBM,,,,4,,NONE,40.802417278289795,0.11460423469543457,,0.5883338407463103,0.9362710785573254,0.4728799922560727,0.4728799922560727
118,PassiveAggressiveClassifier,,,,4,,SMOTE,28.625365018844604,0.013553857803344727,,0.1503131748471655,0.21661613237342522,0.24659944339386608,0.24659944339386608
119,Perceptron,,,,4,,SMOTE,21.7445650100708,0.013620615005493164,,0.20595180946348404,0.257814590855835,0.2928430461610883,0.2928430461610883
120,RidgeClassifier,,,,4,,SMOTE,1.843315839767456,0.007235050201416016,,0.2537823077049221,0.25349907088920987,0.37190602181284854,0.37190602181284854
121,SGDClassifier,,,,4,,SMOTE,296.42760252952576,0.013686418533325195,,0.1988447864627815,0.24353062235732786,0.33423677057098666,0.33423677057098666
122,LogisticRegression,,,,4,,SMOTE,80.08595132827759,0.02483963966369629,,0.21464906929896674,0.23121674101786602,0.3410908195667289,0.3410908195667289
123,LinearDiscriminantAnalysis,,,,4,,SMOTE,38.83648681640625,0.02066802978515625,,0.2545003575530091,0.2507876789785657,0.3718684128697188,0.3718684128697188
124,QuadraticDiscriminantAnalysis,,,,4,,SMOTE,22.848609447479248,0.41143012046813965,,0.33941414470590353,0.3320109311777774,0.5569981159348318,0.5569981159348318
125,BernoulliNB,,,,4,,SMOTE,1.6419298648834229,0.07612490653991699,,0.1604024846988001,0.19816884108658717,0.25793218189396755,0.25793218189396755
126,GaussianNB,,,,4,,SMOTE,1.0522470474243164,0.11663317680358887,,0.05057797759610531,0.17774314604254288,0.17716858116065978,0.17716858116065978
127,KNeighborsClassifier,,,,4,,SMOTE,31.03211736679077,446.40163230895996,,0.5758833735462423,0.48879916676809476,0.8470348987213131,0.8470348987213131
128,NearestCentroid,,,,4,,SMOTE,0.29576659202575684,0.01911640167236328,,0.1652424840244619,0.19839547158329426,0.23495348363454158,0.23495348363454158
129,DecisionTreeClassifier,,,,4,,SMOTE,266.2664716243744,0.00543212890625,,0.7812027757815425,0.7284418181858628,0.8496452179916264,0.8496452179916264
130,AdaBoostClassifier,,,,4,,SMOTE,969.0498476028442,0.18154025077819824,,0.20409679408597747,0.22034307992656724,0.29701943082961174,0.29701943082961174
131,LGBM,,,,4,,SMOTE,188.20811820030212,0.12009549140930176,,0.5410826239042685,0.4721286363603986,0.6923501519458686,0.6923501519458686
132,PassiveAggressiveClassifier,,,,5,,NONE,5.9914045333862305,0.013492345809936523,,0.12860432421310258,0.4378596704004552,0.14711338590446688,0.14711338590446688
133,Perceptron,,,,5,,NONE,3.6490259170532227,0.013575553894042969,,0.16584105907159066,0.3061989808879962,0.18725409073171054,0.18725409073171054
134,RidgeClassifier,,,,5,,NONE,0.4454934597015381,0.013712644577026367,,0.14559922877424047,0.26161171938886246,0.15574953184860305,0.15574953184860305
135,SGDClassifier,,,,5,,NONE,39.2615807056427,0.013742446899414062,,0.22882825887161196,0.2574399487077758,0.2347730668863882,0.2347730668863882
136,LogisticRegression,,,,5,,NONE,17.236448526382446,0.021518468856811523,,0.19222217709855532,0.29322803687983,0.18317613721363113,0.18317613721363113
137,LinearDiscriminantAnalysis,,,,5,,NONE,7.149522304534912,0.018915653228759766,,0.2352250549959331,0.3631681499967477,0.21665836925229892,0.21665836925229892
138,QuadraticDiscriminantAnalysis,,,,5,,NONE,4.051828622817993,0.23415374755859375,,0.3516957177255264,0.37574748136309316,0.6091108531426307,0.6091108531426307
139,BernoulliNB,,,,5,,NONE,0.355130672454834,0.06973838806152344,,0.18448446260393578,0.21528482172794947,0.2538792406931453,0.2538792406931453
140,GaussianNB,,,,5,,NONE,0.23725414276123047,0.11718273162841797,,0.046980285273657385,0.17724097794595509,0.17722156656735408,0.17722156656735408
141,KNeighborsClassifier,,,,5,,NONE,4.221676826477051,156.7478687763214,,0.6903565939055133,0.7506701783413854,0.6444688456615812,0.6444688456615812
142,NearestCentroid,,,,5,,NONE,0.06147289276123047,0.01881718635559082,,0.15639741732843793,0.19559857300940742,0.21546545103118322,0.21546545103118322
143,DecisionTreeClassifier,,,,5,,NONE,76.26040267944336,0.0063211917877197266,,0.8446483545909895,0.8383253476034346,0.8513556396119254,0.8513556396119254
144,AdaBoostClassifier,,,,5,,NONE,163.2923355102539,0.1804955005645752,,0.1288238154289624,0.417440345122006,0.1474252739386789,0.1474252739386789
145,LGBM,,,,5,,NONE,40.56709003448486,0.11564135551452637,,0.5819916025663214,0.9297393492097826,0.4690040958151092,0.4690040958151092
146,PassiveAggressiveClassifier,,,,5,,SMOTE,25.27967071533203,0.013635635375976562,,0.1208519220270667,0.207827322426381,0.25045366142462205,0.25045366142462205
147,Perceptron,,,,5,,SMOTE,15.256382942199707,0.013530492782592773,,0.1444924069932972,0.22008321093114275,0.2214331222306618,0.2214331222306618
148,RidgeClassifier,,,,5,,SMOTE,1.8083877563476562,0.0074770450592041016,,0.25567770787342986,0.2554492387135893,0.37317425183255815,0.37317425183255815
149,SGDClassifier,,,,5,,SMOTE,337.1348259449005,0.01360321044921875,,0.22538941992521513,0.2749304334709688,0.31465727581311925,0.31465727581311925
150,LogisticRegression,,,,5,,SMOTE,75.37851452827454,0.023970842361450195,,0.2134234732131333,0.2306273383975202,0.33449483545556846,0.33449483545556846
151,LinearDiscriminantAnalysis,,,,5,,SMOTE,38.20499873161316,0.016239404678344727,,0.2586373599072249,0.2538552318390967,0.3790060758841141,0.3790060758841141
152,QuadraticDiscriminantAnalysis,,,,5,,SMOTE,22.82021689414978,0.3968374729156494,,0.344942978687946,0.33851104126393355,0.5571473852742264,0.5571473852742264
153,BernoulliNB,,,,5,,SMOTE,1.6668059825897217,0.07959651947021484,,0.16556836867944869,0.20219641649996026,0.26492193158198146,0.26492193158198146
154,GaussianNB,,,,5,,SMOTE,1.065370798110962,0.11774158477783203,,0.04928255357013529,0.17899106570079995,0.1803278719013425,0.1803278719013425
155,KNeighborsClassifier,,,,5,,SMOTE,31.071624517440796,444.72661232948303,,0.5784601119404095,0.4898644414744582,0.8483105296676727,0.8483105296676727
156,NearestCentroid,,,,5,,SMOTE,0.2985212802886963,0.019205093383789062,,0.1567518415705327,0.19498113845797146,0.21636062179786433,0.21636062179786433
157,DecisionTreeClassifier,,,,5,,SMOTE,262.6561574935913,0.005492687225341797,,0.7815427057295119,0.7242420141491424,0.8556671957049298,0.8556671957049298
158,AdaBoostClassifier,,,,5,,SMOTE,966.3263618946075,0.18300366401672363,,0.20176133292890994,0.2185460577777989,0.2974395508617871,0.2974395508617871
159,LGBM,,,,5,,SMOTE,187.59377670288086,0.12409424781799316,,0.5368418951813265,0.46752370180959,0.6850008943126342,0.6850008943126342
160,PassiveAggressiveClassifier,,,,6,,NONE,5.852272033691406,0.013595819473266602,,0.16214552823109582,0.39376245354133227,0.1845759765263309,0.1845759765263309
161,Perceptron,,,,6,,NONE,3.84562087059021,0.013553857803344727,,0.138756476531009,0.30140122984825696,0.15260387490183105,0.15260387490183105
162,RidgeClassifier,,,,6,,NONE,0.4250986576080322,0.007410526275634766,,0.1458660584026228,0.24642813838049268,0.15563499042983317,0.15563499042983317
163,SGDClassifier,,,,6,,NONE,33.12736487388611,0.01357126235961914,,0.24294607993331105,0.28222949574679085,0.2771379133761618,0.2771379133761618
164,LogisticRegression,,,,6,,NONE,18.569714546203613,0.021200180053710938,,0.2027300371597924,0.2527745267442058,0.19508732734075343,0.19508732734075343
165,LinearDiscriminantAnalysis,,,,6,,NONE,7.301253795623779,0.0170137882232666,,0.24248088779481483,0.351000915679455,0.2233705914572059,0.2233705914572059
166,QuadraticDiscriminantAnalysis,,,,6,,NONE,4.051892280578613,0.23933625221252441,,0.3539807090310492,0.3808828599964915,0.6070915209396618,0.6070915209396618
167,BernoulliNB,,,,6,,NONE,0.36476659774780273,0.07400012016296387,,0.17271727630511322,0.1955105096765115,0.234385617987692,0.234385617987692
168,GaussianNB,,,,6,,NONE,0.24046540260314941,0.12041115760803223,,0.044063716804602034,0.17345045928050226,0.17722138884787716,0.17722138884787716
169,KNeighborsClassifier,,,,6,,NONE,4.295520305633545,155.093585729599,,0.6870759352396212,0.7415849493502346,0.6443550239153151,0.6443550239153151
170,NearestCentroid,,,,6,,NONE,0.06324219703674316,0.018810749053955078,,0.15687810176026412,0.18298784770458046,0.21992286151587828,0.21992286151587828
171,DecisionTreeClassifier,,,,6,,NONE,80.76644134521484,0.006681680679321289,,0.842391523325768,0.8343000530118732,0.8512820803616256,0.8512820803616256
172,AdaBoostClassifier,,,,6,,NONE,164.0866503715515,0.18146204948425293,,0.12476315403765552,0.33341876860850517,0.1452603943687512,0.1452603943687512
173,LGBM,,,,6,,NONE,40.29816198348999,0.11067438125610352,,0.5949740065774479,0.924041729249711,0.48264117298024367,0.48264117298024367
174,PassiveAggressiveClassifier,,,,6,,SMOTE,24.291938066482544,0.013632059097290039,,0.15430272388973995,0.21418779308608235,0.2837491818071708,0.2837491818071708
175,Perceptron,,,,6,,SMOTE,17.471144199371338,0.01377725601196289,,0.1363279859230952,0.2270488214350102,0.2985737290086429,0.2985737290086429
176,RidgeClassifier,,,,6,,SMOTE,1.8252615928649902,0.01435542106628418,,0.25919174673528156,0.2597815422168471,0.38152038432988317,0.38152038432988317
177,SGDClassifier,,,,6,,SMOTE,326.97929763793945,0.013667821884155273,,0.1732116670582567,0.22464828679174495,0.3206747645685211,0.3206747645685211
178,LogisticRegression,,,,6,,SMOTE,82.31153297424316,0.019297361373901367,,0.21785917934865004,0.23443168109073134,0.3453366580749441,0.3453366580749441
179,LinearDiscriminantAnalysis,,,,6,,SMOTE,37.928000926971436,0.016139507293701172,,0.2589964299614953,0.254829960115911,0.3786351798511798,0.3786351798511798
180,QuadraticDiscriminantAnalysis,,,,6,,SMOTE,22.766502141952515,0.398240327835083,,0.35318966240131083,0.3429991071666921,0.5704171508907144,0.5704171508907144
181,BernoulliNB,,,,6,,SMOTE,1.653212070465088,0.07213449478149414,,0.1634765504119737,0.20085996924260033,0.25884373166794633,0.25884373166794633
182,GaussianNB,,,,6,,SMOTE,1.0675668716430664,0.11940836906433105,,0.045757161837189045,0.17243448506100645,0.1786063368905888,0.1786063368905888
183,KNeighborsClassifier,,,,6,,SMOTE,31.05145835876465,437.5692036151886,,0.5823369458498241,0.49419776605005517,0.8509828674800975,0.8509828674800975
184,NearestCentroid,,,,6,,SMOTE,0.3033568859100342,0.019158601760864258,,0.15725349102323208,0.1833495661012179,0.22038058826327442,0.22038058826327442
185,DecisionTreeClassifier,,,,6,,SMOTE,260.59035873413086,0.005461692810058594,,0.7873584438640526,0.7332110396889432,0.8568775282151169,0.8568775282151169
186,AdaBoostClassifier,,,,6,,SMOTE,968.446295261383,0.18167781829833984,,0.2023781992213552,0.21802451361621933,0.2930649109309171,0.2930649109309171
187,LGBM,,,,6,,SMOTE,187.92205047607422,0.11503744125366211,,0.5298117449223848,0.4621504462974836,0.6799145142421131,0.6799145142421131
188,PassiveAggressiveClassifier,,,,7,,NONE,4.836534738540649,0.01364278793334961,,0.1501659607405791,0.2968825177117487,0.15799162939069095,0.15799162939069095
189,Perceptron,,,,7,,NONE,3.421934127807617,0.013558387756347656,,0.1967554542285137,0.23694050171832154,0.21129011144030344,0.21129011144030344
190,RidgeClassifier,,,,7,,NONE,0.40596914291381836,0.02402806282043457,,0.14543645064597838,0.2579740397291807,0.155566820898182,0.155566820898182
191,SGDClassifier,,,,7,,NONE,44.016326665878296,0.013514518737792969,,0.17838775761557676,0.41315223054602973,0.17338059418320081,0.17338059418320081
192,LogisticRegression,,,,7,,NONE,17.350139141082764,0.019654035568237305,,0.2010347450746329,0.2630834448289462,0.19361181994229204,0.19361181994229204
193,LinearDiscriminantAnalysis,,,,7,,NONE,7.183896064758301,0.01901388168334961,,0.2458587016678408,0.389931623244375,0.22584462360653262,0.22584462360653262
194,QuadraticDiscriminantAnalysis,,,,7,,NONE,4.044919729232788,0.23862314224243164,,0.3470724537087887,0.3720884286969247,0.6096138759886118,0.6096138759886118
195,BernoulliNB,,,,7,,NONE,0.3558781147003174,0.07042527198791504,,0.18160001207965146,0.20989520442146556,0.24623720023585075,0.24623720023585075
196,GaussianNB,,,,7,,NONE,0.24031496047973633,0.1200265884399414,,0.04479420815945052,0.17983744031681725,0.18160256747799775,0.18160256747799775
197,KNeighborsClassifier,,,,7,,NONE,4.235549449920654,158.07094073295593,,0.6914299121155151,0.7460524911628029,0.6503314565706428,0.6503314565706428
198,NearestCentroid,,,,7,,NONE,0.06178426742553711,0.01869797706604004,,0.15819115687532223,0.18387703357797117,0.21000167146590445,0.21000167146590445
199,DecisionTreeClassifier,,,,7,,NONE,74.5374264717102,0.006186962127685547,,0.842551909593352,0.8231901448594696,0.8641872557975903,0.8641872557975903
200,AdaBoostClassifier,,,,7,,NONE,163.46020889282227,0.18425226211547852,,0.13067356308828385,0.3124655689800118,0.14839990659821534,0.14839990659821534
201,LGBM,,,,7,,NONE,40.4969699382782,0.11472034454345703,,0.5866730051128146,0.9268960768892791,0.4752927333940419,0.4752927333940419
202,PassiveAggressiveClassifier,,,,7,,SMOTE,26.66759490966797,0.013679265975952148,,0.1959160164663833,0.2193599139779039,0.2830482897022525,0.2830482897022525
203,Perceptron,,,,7,,SMOTE,19.451266765594482,0.013642549514770508,,0.18746495376466435,0.22454684942166253,0.31513016351352713,0.31513016351352713
204,RidgeClassifier,,,,7,,SMOTE,1.8419601917266846,0.014827489852905273,,0.2563777154398353,0.25736129229774873,0.3713518491819605,0.3713518491819605
205,SGDClassifier,,,,7,,SMOTE,344.0724437236786,0.013700246810913086,,0.1755748738746186,0.23300360432325667,0.2865017724712707,0.2865017724712707
206,LogisticRegression,,,,7,,SMOTE,77.25590491294861,0.0229339599609375,,0.22075909134677027,0.2382664403552514,0.34519999765499154,0.34519999765499154
207,LinearDiscriminantAnalysis,,,,7,,SMOTE,37.8391489982605,0.01609492301940918,,0.2589323877172738,0.25460896040232356,0.37388383465748426,0.37388383465748426
208,QuadraticDiscriminantAnalysis,,,,7,,SMOTE,22.56233310699463,0.4092707633972168,,0.34299799013418,0.33475509650196267,0.5665206535824157,0.5665206535824157
209,BernoulliNB,,,,7,,SMOTE,1.6623218059539795,0.07502174377441406,,0.16647910600638235,0.20150224329570562,0.2572623768124103,0.2572623768124103
210,GaussianNB,,,,7,,SMOTE,1.0686028003692627,0.11866641044616699,,0.04767233646630727,0.1801347058072116,0.18494055129026316,0.18494055129026316
211,KNeighborsClassifier,,,,7,,SMOTE,30.776479244232178,442.63596844673157,,0.5820757648485732,0.49322858761456306,0.8558062600474123,0.8558062600474123
212,NearestCentroid,,,,7,,SMOTE,0.3002662658691406,0.019048213958740234,,0.15783751813846147,0.18285037917128938,0.21048000260935074,0.21048000260935074
213,DecisionTreeClassifier,,,,7,,SMOTE,266.57859468460083,0.005393028259277344,,0.783287167050032,0.7217639074480228,0.8662652774788907,0.8662652774788907
214,AdaBoostClassifier,,,,7,,SMOTE,968.0825641155243,0.1811370849609375,,0.20830282304052375,0.22267044140619557,0.30321336735035215,0.30321336735035215
215,LGBM,,,,7,,SMOTE,186.96087002754211,0.1242983341217041,,0.5382209727937959,0.469270218792031,0.6875823518614679,0.6875823518614679
216,PassiveAggressiveClassifier,,,,8,,NONE,4.7648890018463135,0.013429880142211914,,0.12755852934790532,0.15327339056185435,0.1452594488368652,0.1452594488368652
217,Perceptron,,,,8,,NONE,3.8598947525024414,0.013618230819702148,,0.1595664435722858,0.3699503337927638,0.22918212266190374,0.22918212266190374
218,RidgeClassifier,,,,8,,NONE,0.39775872230529785,0.017485857009887695,,0.14085947206385319,0.24325659935966065,0.1528914424751757,0.1528914424751757
219,SGDClassifier,,,,8,,NONE,42.075331687927246,0.013467550277709961,,0.15664203844361319,0.43400484016464574,0.1612461938397332,0.1612461938397332
220,LogisticRegression,,,,8,,NONE,17.629793882369995,0.025528907775878906,,0.19519535349514666,0.263863369886469,0.18789143556631763,0.18789143556631763
221,LinearDiscriminantAnalysis,,,,8,,NONE,7.306170701980591,0.01907944679260254,,0.23728678537862416,0.37174065881816787,0.21624311580871636,0.21624311580871636
222,QuadraticDiscriminantAnalysis,,,,8,,NONE,4.039943218231201,0.23740124702453613,,0.35057737507220643,0.3738138399925733,0.6090437380158823,0.6090437380158823
223,BernoulliNB,,,,8,,NONE,0.3693833351135254,0.07304501533508301,,0.17809613196278712,0.2076413082870944,0.24252408019013738,0.24252408019013738
224,GaussianNB,,,,8,,NONE,0.24404573440551758,0.11851167678833008,,0.04168539692651307,0.16946206647682058,0.17792282870003978,0.17792282870003978
225,KNeighborsClassifier,,,,8,,NONE,4.306097745895386,155.24093055725098,,0.690231825690912,0.7553973657078457,0.6428036470193268,0.6428036470193268
226,NearestCentroid,,,,8,,NONE,0.061896562576293945,0.018870830535888672,,0.15449018438889633,0.1745675557441346,0.21527291551029362,0.21527291551029362
227,DecisionTreeClassifier,,,,8,,NONE,80.49721670150757,0.006546735763549805,,0.8436107722033233,0.834921826188835,0.8527010094785837,0.8527010094785837
228,AdaBoostClassifier,,,,8,,NONE,167.68529272079468,0.1904761791229248,,0.13153475893044878,0.2924402884182064,0.14883264682956324,0.14883264682956324
229,LGBM,,,,8,,NONE,40.085498571395874,0.11151003837585449,,0.578497162838347,0.9355520362851345,0.4638768042758287,0.4638768042758287
230,PassiveAggressiveClassifier,,,,8,,SMOTE,23.838075637817383,0.013652563095092773,,0.19272199525424544,0.21199518414201693,0.3043275800152446,0.3043275800152446
231,Perceptron,,,,8,,SMOTE,17.761367797851562,0.013623237609863281,,0.14105478345468322,0.27499533603944715,0.2758471874681136,0.2758471874681136
232,RidgeClassifier,,,,8,,SMOTE,1.765573501586914,0.020104169845581055,,0.25723591978331173,0.2593184493230844,0.36890799952520237,0.36890799952520237
233,SGDClassifier,,,,8,,SMOTE,293.98857712745667,0.013741731643676758,,0.19292530266563115,0.24959360703878994,0.31246540201238815,0.31246540201238815
234,LogisticRegression,,,,8,,SMOTE,85.29325199127197,0.023865461349487305,,0.21803668765603448,0.2337978594699253,0.3359630068899205,0.3359630068899205
235,LinearDiscriminantAnalysis,,,,8,,SMOTE,37.71584725379944,0.015816450119018555,,0.25844951400363325,0.2549826849319095,0.3693957968433835,0.3693957968433835
236,QuadraticDiscriminantAnalysis,,,,8,,SMOTE,22.679134130477905,0.4075279235839844,,0.3474873203933527,0.33761641633095885,0.5636066372736508,0.5636066372736508
237,BernoulliNB,,,,8,,SMOTE,1.6689608097076416,0.075927734375,,0.15712102332533212,0.1967749422896205,0.24744120347734014,0.24744120347734014
238,GaussianNB,,,,8,,SMOTE,1.064281940460205,0.11772656440734863,,0.044555827181983525,0.170973133259723,0.18625552942035886,0.18625552942035886
239,KNeighborsClassifier,,,,8,,SMOTE,30.86565613746643,431.66066217422485,,0.5842281959207949,0.49414060621763994,0.8534923483730952,0.8534923483730952
240,NearestCentroid,,,,8,,SMOTE,0.30031704902648926,0.0190579891204834,,0.15333533512975275,0.17360378478293256,0.2147880359617614,0.2147880359617614
241,DecisionTreeClassifier,,,,8,,SMOTE,269.6980080604553,0.0053501129150390625,,0.788197459553215,0.7325847921939547,0.8604057874964005,0.8604057874964005
242,AdaBoostClassifier,,,,8,,SMOTE,970.1700875759125,0.18056583404541016,,0.20434878368039683,0.21807341139257144,0.29315036588830395,0.29315036588830395
243,LGBM,,,,8,,SMOTE,186.71711540222168,0.12057638168334961,,0.5366513000567542,0.4683005783168136,0.6829727549434839,0.6829727549434839
244,PassiveAggressiveClassifier,,,,9,,NONE,4.6994500160217285,0.013525009155273438,,0.18966069522433848,0.3418967349539642,0.1954444772522019,0.1954444772522019
245,Perceptron,,,,9,,NONE,3.5478334426879883,0.01361227035522461,,0.20730059848591303,0.29680351370594815,0.24790480634183837,0.24790480634183837
246,RidgeClassifier,,,,9,,NONE,0.4009084701538086,0.02037835121154785,,0.14374483691690923,0.2607402007963454,0.15476206575382426,0.15476206575382426
247,SGDClassifier,,,,9,,NONE,38.70050597190857,0.013608217239379883,,0.18882156305807768,0.39317617686975603,0.25141653385382506,0.25141653385382506
248,LogisticRegression,,,,9,,NONE,17.120588779449463,0.021649837493896484,,0.20307283233694817,0.2698000121613221,0.19265185987219904,0.19265185987219904
249,LinearDiscriminantAnalysis,,,,9,,NONE,7.200490474700928,0.01863884925842285,,0.23955920548474482,0.37364083132371734,0.2203887542300426,0.2203887542300426
250,QuadraticDiscriminantAnalysis,,,,9,,NONE,4.011011123657227,0.23809409141540527,,0.3460340558829126,0.37194671464830564,0.5979567153846096,0.5979567153846096
251,BernoulliNB,,,,9,,NONE,0.35488343238830566,0.0702202320098877,,0.18239525964350098,0.2058693151461979,0.2521263875252098,0.2521263875252098
252,GaussianNB,,,,9,,NONE,0.23753643035888672,0.11895751953125,,0.039965953956825555,0.16775484170517974,0.17821913280801746,0.17821913280801746
253,KNeighborsClassifier,,,,9,,NONE,4.208353042602539,156.3659164905548,,0.6889530512554352,0.7562913485304692,0.6394327219416047,0.6394327219416047
254,NearestCentroid,,,,9,,NONE,0.061829566955566406,0.01870870590209961,,0.1635824754716279,0.1920081518626775,0.22242863513929262,0.22242863513929262
255,DecisionTreeClassifier,,,,9,,NONE,79.9798378944397,0.0064067840576171875,,0.8456568928790159,0.8404194434248115,0.8511072396787249,0.8511072396787249
256,AdaBoostClassifier,,,,9,,NONE,162.19279646873474,0.1815168857574463,,0.12854937698143193,0.3200951550809908,0.1472136087465976,0.1472136087465976
257,LGBM,,,,9,,NONE,40.09909534454346,0.11472272872924805,,0.582419998422746,0.9372021711100755,0.46695891444534227,0.46695891444534227
258,PassiveAggressiveClassifier,,,,9,,SMOTE,24.77409815788269,0.013636112213134766,,0.17736585620956954,0.21176162022727513,0.24628430330812864,0.24628430330812864
259,Perceptron,,,,9,,SMOTE,16.59844660758972,0.013667821884155273,,0.18968427144944536,0.25238894728380734,0.29500949647425967,0.29500949647425967
260,RidgeClassifier,,,,9,,SMOTE,1.7885565757751465,0.00924992561340332,,0.2636161982584199,0.2634835271933297,0.3779037991173855,0.3779037991173855
261,SGDClassifier,,,,9,,SMOTE,346.8798143863678,0.013584136962890625,,0.19185907010637354,0.2553883956134097,0.28889038396506966,0.28889038396506966
262,LogisticRegression,,,,9,,SMOTE,82.0051908493042,0.020404338836669922,,0.22118777928450997,0.23917706891243046,0.3435078387310765,0.3435078387310765
263,LinearDiscriminantAnalysis,,,,9,,SMOTE,37.812217473983765,0.015916824340820312,,0.26606791217249254,0.2602612018905686,0.3805428717165399,0.3805428717165399
264,QuadraticDiscriminantAnalysis,,,,9,,SMOTE,22.603084325790405,0.41559720039367676,,0.34098276252926657,0.3323063156282914,0.5517011516348657,0.5517011516348657
265,BernoulliNB,,,,9,,SMOTE,1.6485295295715332,0.07593369483947754,,0.1657636780836713,0.20334058994400378,0.2572527543749999,0.2572527543749999
266,GaussianNB,,,,9,,SMOTE,1.0675625801086426,0.11909031867980957,,0.043535765153272066,0.1705592313534809,0.18516915762960887,0.18516915762960887
267,KNeighborsClassifier,,,,9,,SMOTE,30.78112030029297,441.602744102478,,0.585309314191943,0.4959766599841227,0.8552766718117732,0.8552766718117732
268,NearestCentroid,,,,9,,SMOTE,0.2994849681854248,0.019010066986083984,,0.163711716630516,0.19277166278434438,0.2223931477723428,0.2223931477723428
269,DecisionTreeClassifier,,,,9,,SMOTE,260.3320815563202,0.005379676818847656,,0.7888720175890447,0.7321663894026943,0.8628367542475167,0.8628367542475167
270,AdaBoostClassifier,,,,9,,SMOTE,963.1384992599487,0.18102502822875977,,0.2127027746165972,0.2242857311596127,0.31405021519093257,0.31405021519093257
271,LGBM,,,,9,,SMOTE,186.8285174369812,0.12200760841369629,,0.5463053278343425,0.47733137522977803,0.6947929270286678,0.6947929270286678
272,PassiveAggressiveClassifier,,,,10,,NONE,5.032902240753174,0.013491630554199219,,0.17998652845822516,0.26384580749189224,0.209632491182361,0.209632491182361
273,Perceptron,,,,10,,NONE,3.86232590675354,0.01350259780883789,,0.13325759772579202,0.37784334348839105,0.1488044939180654,0.1488044939180654
274,RidgeClassifier,,,,10,,NONE,0.39649105072021484,0.015921592712402344,,0.13730663742171764,0.22173308496671634,0.15106756392265155,0.15106756392265155
275,SGDClassifier,,,,10,,NONE,41.58696222305298,0.013437032699584961,,0.1698891621350054,0.3522709795826765,0.17665744727916852,0.17665744727916852
276,LogisticRegression,,,,10,,NONE,16.890716552734375,0.02149176597595215,,0.20178828994688705,0.2553021466676934,0.19582098294592104,0.19582098294592104
277,LinearDiscriminantAnalysis,,,,10,,NONE,7.19931960105896,0.01868438720703125,,0.23373414543110768,0.3684713778156708,0.21547797195929871,0.21547797195929871
278,QuadraticDiscriminantAnalysis,,,,10,,NONE,4.00528621673584,0.23246335983276367,,0.3345896063924468,0.36199688941295244,0.5857832211012808,0.5857832211012808
279,BernoulliNB,,,,10,,NONE,0.3583953380584717,0.06971955299377441,,0.1818555246860639,0.2099885888214599,0.2489327036445904,0.2489327036445904
280,GaussianNB,,,,10,,NONE,0.23692941665649414,0.1185460090637207,,0.04393133260035031,0.1696708210378687,0.18477201737870566,0.18477201737870566
281,KNeighborsClassifier,,,,10,,NONE,4.212924003601074,157.61961221694946,,0.6794438118325152,0.7474657016448017,0.6304605318531744,0.6304605318531744
282,NearestCentroid,,,,10,,NONE,0.061949968338012695,0.018854379653930664,,0.15957157842278177,0.1855184521571884,0.22285964036889408,0.22285964036889408
283,DecisionTreeClassifier,,,,10,,NONE,81.24586772918701,0.006887674331665039,,0.8265953512555326,0.8160161689322765,0.8376354489303415,0.8376354489303415
284,AdaBoostClassifier,,,,10,,NONE,168.41471362113953,0.19457459449768066,,0.1273059126042829,0.28086122181621825,0.14652003039372352,0.14652003039372352
285,LGBM,,,,10,,NONE,41.318217039108276,0.11509442329406738,,0.5669263123480331,0.9365311920711914,0.4509895115715295,0.4509895115715295
286,PassiveAggressiveClassifier,,,,10,,SMOTE,26.84932041168213,0.013535499572753906,,0.1657826232493826,0.2950244844423831,0.17024502081516507,0.17024502081516507
287,Perceptron,,,,10,,SMOTE,21.941306591033936,0.013638496398925781,,0.2138423326191424,0.252039635611049,0.3033983551140795,0.3033983551140795
288,RidgeClassifier,,,,10,,SMOTE,1.767653226852417,0.02035355567932129,,0.24973232196683007,0.2511201312903518,0.36174780959444364,0.36174780959444364
289,SGDClassifier,,,,10,,SMOTE,333.92459988594055,0.013703584671020508,,0.14785719494671068,0.2600702505923155,0.26850568953557163,0.26850568953557163
290,LogisticRegression,,,,10,,SMOTE,80.77514219284058,0.024037599563598633,,0.2133923152300639,0.23092911601228067,0.3420921859085699,0.3420921859085699
291,LinearDiscriminantAnalysis,,,,10,,SMOTE,38.63895606994629,0.03311872482299805,,0.25307071313027146,0.2500116761427037,0.36694282615185136,0.36694282615185136
292,QuadraticDiscriminantAnalysis,,,,10,,SMOTE,22.74346089363098,0.41276049613952637,,0.3302478400915287,0.3293611770643525,0.5218465882758189,0.5218465882758189
293,BernoulliNB,,,,10,,SMOTE,1.6462225914001465,0.07415986061096191,,0.16891236963884698,0.20430604938393213,0.26888663561147774,0.26888663561147774
294,GaussianNB,,,,10,,SMOTE,1.0590853691101074,0.1176300048828125,,0.04667827920058913,0.17150248455663863,0.19122949350899354,0.19122949350899354
295,KNeighborsClassifier,,,,10,,SMOTE,30.96364712715149,464.91697549819946,,0.5773061008602092,0.4905395075625708,0.837616589439862,0.837616589439862
296,NearestCentroid,,,,10,,SMOTE,0.3076596260070801,0.018871307373046875,,0.16155574491668154,0.18753693477298608,0.22562556578989942,0.22562556578989942
297,DecisionTreeClassifier,,,,10,,SMOTE,279.4725992679596,0.005429506301879883,,0.7624678664602393,0.7029603005218096,0.8435224621365814,0.8435224621365814
298,AdaBoostClassifier,,,,10,,SMOTE,979.5252993106842,0.18131065368652344,,0.20349112389508192,0.21740897123853484,0.3027873787295345,0.3027873787295345
299,LGBM,,,,10,,SMOTE,191.30324959754944,0.13171887397766113,,0.5209213923484566,0.4539400720698898,0.6667082704518522,0.6667082704518522
300,BILSTM,50.0,128.0,0.0001,1,114717.0,NONE,196.37097024917603,1.2531824111938477,../results/dl/BILSTM_NONE_1_50_128.npy,0.24259764881894555,0.5852110913648608,0.2124069491907754,0.2124069491907754
301,BILSTM,50.0,128.0,0.0001,1,520702.0,SMOTE,896.1384592056274,1.1832668781280518,../results/dl/BILSTM_SMOTE_1_50_128.npy,0.5227132911984419,0.4575626986398467,0.7018228495870574,0.7018228495870574
302,BILSTM,50.0,128.0,0.0001,2,114717.0,NONE,194.26876592636108,1.2049312591552734,../results/dl/BILSTM_NONE_2_50_128.npy,0.2356855732457865,0.5184754681406581,0.21064097718879424,0.21064097718879424
303,BILSTM,50.0,128.0,0.0001,2,520702.0,SMOTE,908.6943521499634,1.2131927013397217,../results/dl/BILSTM_SMOTE_2_50_128.npy,0.49549668635431754,0.4303389864986077,0.6857460140666092,0.6857460140666092
304,BILSTM,50.0,128.0,0.0001,3,114717.0,NONE,195.58996176719666,1.2166759967803955,../results/dl/BILSTM_NONE_3_50_128.npy,0.1995057498805092,0.46177584894268275,0.18973957604212574,0.18973957604212574
305,BILSTM,50.0,128.0,0.0001,3,520702.0,SMOTE,917.4238750934601,1.229583978652954,../results/dl/BILSTM_SMOTE_3_50_128.npy,0.5334808920597518,0.46769379804438616,0.702920885578769,0.702920885578769
306,BILSTM,50.0,128.0,0.0001,4,114717.0,NONE,194.0501251220703,1.212209701538086,../results/dl/BILSTM_NONE_4_50_128.npy,0.2718152261902498,0.5830842069109455,0.23329121259437713,0.23329121259437713
307,BILSTM,50.0,128.0,0.0001,4,520709.0,SMOTE,920.4485468864441,1.2525255680084229,../results/dl/BILSTM_SMOTE_4_50_128.npy,0.528242939173299,0.46400485093763116,0.6995815454302391,0.6995815454302391
308,BILSTM,50.0,128.0,0.0001,5,114718.0,NONE,198.07823061943054,1.2391836643218994,../results/dl/BILSTM_NONE_5_50_128.npy,0.2623834612228981,0.6572353645571904,0.22912303665300568,0.22912303665300568
309,BILSTM,50.0,128.0,0.0001,5,520709.0,SMOTE,944.7671935558319,1.3083457946777344,../results/dl/BILSTM_SMOTE_5_50_128.npy,0.4901041090803444,0.4257668549821488,0.6689266109406882,0.6689266109406882
310,BILSTM,50.0,128.0,0.0001,6,114718.0,NONE,211.04869270324707,1.2762742042541504,../results/dl/BILSTM_NONE_6_50_128.npy,0.17022405116910275,0.4375743268529893,0.17083406905154866,0.17083406905154866
311,BILSTM,50.0,128.0,0.0001,6,520709.0,SMOTE,978.3517863750458,1.2764897346496582,../results/dl/BILSTM_SMOTE_6_50_128.npy,0.5247447023695645,0.4571934411960809,0.7005218134368973,0.7005218134368973
312,BILSTM,50.0,128.0,0.0001,7,114718.0,NONE,203.67763376235962,1.270266056060791,../results/dl/BILSTM_NONE_7_50_128.npy,0.24390268674963808,0.5589162207732574,0.2169959448955133,0.2169959448955133
313,BILSTM,50.0,128.0,0.0001,7,520709.0,SMOTE,987.7772057056427,1.3533015251159668,../results/dl/BILSTM_SMOTE_7_50_128.npy,0.536039952068293,0.4731296206165019,0.6924180218230271,0.6924180218230271
314,BILSTM,50.0,128.0,0.0001,8,114718.0,NONE,202.6066324710846,1.2818012237548828,../results/dl/BILSTM_NONE_8_50_128.npy,0.2062465160588963,0.4813759593511043,0.1941618666341076,0.1941618666341076
315,BILSTM,50.0,128.0,0.0001,8,520709.0,SMOTE,977.0761663913727,1.3581187725067139,../results/dl/BILSTM_SMOTE_8_50_128.npy,0.493216216907238,0.42739472099598375,0.6693133104293533,0.6693133104293533
316,BILSTM,50.0,128.0,0.0001,9,114718.0,NONE,204.64219856262207,1.2952196598052979,../results/dl/BILSTM_NONE_9_50_128.npy,0.22087345784362458,0.504594979005449,0.20366564134910023,0.20366564134910023
317,BILSTM,50.0,128.0,0.0001,9,520709.0,SMOTE,983.0355703830719,1.265502691268921,../results/dl/BILSTM_SMOTE_9_50_128.npy,0.479785336022144,0.4130057661146137,0.6713109805117414,0.6713109805117414
318,BILSTM,50.0,128.0,0.0001,10,114718.0,NONE,203.6943953037262,1.3068184852600098,../results/dl/BILSTM_NONE_10_50_128.npy,0.26868470675129413,0.5222177675656372,0.23364251512498563,0.23364251512498563
319,BILSTM,50.0,128.0,0.0001,10,520709.0,SMOTE,1070.575829744339,1.2941198348999023,../results/dl/BILSTM_SMOTE_10_50_128.npy,0.4944295561826933,0.4332174632289475,0.6562390799372864,0.6562390799372864
320,GRU,50.0,128.0,0.0001,1,114717.0,NONE,109.81768012046814,0.6746656894683838,../results/dl/GRU_NONE_1_50_128.npy,0.17807618309487658,0.33683016277299177,0.1764661073106417,0.1764661073106417
321,GRU,50.0,128.0,0.0001,1,520702.0,SMOTE,533.4245276451111,0.6699953079223633,../results/dl/GRU_SMOTE_1_50_128.npy,0.4827918656632318,0.4218660829124969,0.6333387599925221,0.6333387599925221
322,GRU,50.0,128.0,0.0001,2,114717.0,NONE,112.9269962310791,0.7961006164550781,../results/dl/GRU_NONE_2_50_128.npy,0.18495448910383225,0.37313890798193855,0.1806430654080252,0.1806430654080252
323,GRU,50.0,128.0,0.0001,2,520702.0,SMOTE,532.0215837955475,0.6382133960723877,../results/dl/GRU_SMOTE_2_50_128.npy,0.4440720951610757,0.40073732047174343,0.5594699358762732,0.5594699358762732
324,GRU,50.0,128.0,0.0001,3,114717.0,NONE,114.40355467796326,0.6495077610015869,../results/dl/GRU_NONE_3_50_128.npy,0.18984767283933013,0.5088448192457031,0.18245987810017245,0.18245987810017245
325,GRU,50.0,128.0,0.0001,3,520702.0,SMOTE,531.0442700386047,0.6303629875183105,../results/dl/GRU_SMOTE_3_50_128.npy,0.4804094846549147,0.41898065571632515,0.6242622175983474,0.6242622175983474
326,GRU,50.0,128.0,0.0001,4,114717.0,NONE,123.03628039360046,0.781501293182373,../results/dl/GRU_NONE_4_50_128.npy,0.2408567058608959,0.5579802094145264,0.21975263188440378,0.21975263188440378
327,GRU,50.0,128.0,0.0001,4,520709.0,SMOTE,538.7312211990356,0.6455650329589844,../results/dl/GRU_SMOTE_4_50_128.npy,0.440277566139352,0.3845077089003272,0.586151571334826,0.586151571334826
328,GRU,50.0,128.0,0.0001,5,114718.0,NONE,115.83092331886292,0.6588499546051025,../results/dl/GRU_NONE_5_50_128.npy,0.1877234688101535,0.32485960869396757,0.18237241756969488,0.18237241756969488
329,GRU,50.0,128.0,0.0001,5,520709.0,SMOTE,642.4430446624756,0.7223780155181885,../results/dl/GRU_SMOTE_5_50_128.npy,0.494848060134395,0.42979150326982546,0.6522857157261249,0.6522857157261249
330,GRU,50.0,128.0,0.0001,6,114718.0,NONE,151.49624824523926,0.9948604106903076,../results/dl/GRU_NONE_6_50_128.npy,0.1665316433765916,0.3194861260946498,0.16893789323032937,0.16893789323032937
331,GRU,50.0,128.0,0.0001,6,520709.0,SMOTE,628.231448173523,0.647991418838501,../results/dl/GRU_SMOTE_6_50_128.npy,0.4962304755296145,0.4355346600239079,0.6284700045405895,0.6284700045405895
332,GRU,50.0,128.0,0.0001,7,114718.0,NONE,140.732647895813,0.6607925891876221,../results/dl/GRU_NONE_7_50_128.npy,0.1774756658228536,0.38683590024056486,0.17553479406897643,0.17553479406897643
333,GRU,50.0,128.0,0.0001,7,520709.0,SMOTE,641.2112727165222,0.8014283180236816,../results/dl/GRU_SMOTE_7_50_128.npy,0.4879631698957204,0.4218407109859824,0.6551985810252321,0.6551985810252321
334,GRU,50.0,128.0,0.0001,8,114718.0,NONE,142.46187829971313,0.7078964710235596,../results/dl/GRU_NONE_8_50_128.npy,0.1564582392482913,0.5054129788311567,0.16247025588936273,0.16247025588936273
335,GRU,50.0,128.0,0.0001,8,520709.0,SMOTE,533.4230825901031,0.6365859508514404,../results/dl/GRU_SMOTE_8_50_128.npy,0.3968198950321033,0.34735270580197575,0.5557200306860341,0.5557200306860341
336,GRU,50.0,128.0,0.0001,9,114718.0,NONE,113.35628414154053,0.6404192447662354,../results/dl/GRU_NONE_9_50_128.npy,0.1924566201834206,0.42471071338916416,0.18644637300564323,0.18644637300564323
337,GRU,50.0,128.0,0.0001,9,520709.0,SMOTE,531.1557171344757,0.6324203014373779,../results/dl/GRU_SMOTE_9_50_128.npy,0.5046867067744892,0.43823587116174023,0.664550714805698,0.664550714805698
338,GRU,50.0,128.0,0.0001,10,114718.0,NONE,114.06893372535706,0.6396224498748779,../results/dl/GRU_NONE_10_50_128.npy,0.17752605948790928,0.3112799869010776,0.17672836309114529,0.17672836309114529
339,GRU,50.0,128.0,0.0001,10,520709.0,SMOTE,545.8791434764862,0.6298768520355225,../results/dl/GRU_SMOTE_10_50_128.npy,0.4809962081951921,0.4188049422262555,0.6337375826383388,0.6337375826383388
340,CNN,50.0,128.0,0.0001,1,520702.0,SMOTE,390.00757813453674,0.5230157375335693,../results/dl/CNN_SMOTE_1_50_128.npy,0.7656648115497122,0.7416295140133242,0.7954629755542115,0.7954629755542115
341,CNN,50.0,128.0,0.0001,2,520702.0,SMOTE,385.388685464859,0.2678701877593994,../results/dl/CNN_SMOTE_2_50_128.npy,0.7506781874494916,0.7266154079209697,0.7798286967363861,0.7798286967363861
342,CNN,50.0,128.0,0.0001,3,520702.0,SMOTE,387.00541710853577,0.24197053909301758,../results/dl/CNN_SMOTE_3_50_128.npy,0.7952988649778263,0.7881783364304541,0.8072555641973572,0.8072555641973572
343,CNN,50.0,128.0,0.0001,4,520709.0,SMOTE,390.5204746723175,0.2892162799835205,../results/dl/CNN_SMOTE_4_50_128.npy,0.7572041403171449,0.7279512054429905,0.7957156418499378,0.7957156418499378
344,CNN,50.0,128.0,0.0001,5,520709.0,SMOTE,393.1464807987213,0.46865224838256836,../results/dl/CNN_SMOTE_5_50_128.npy,0.7539446074897259,0.730585100203349,0.7852394879475525,0.7852394879475525
345,CNN,50.0,128.0,0.0001,6,520709.0,SMOTE,390.2172508239746,0.2135324478149414,../results/dl/CNN_SMOTE_6_50_128.npy,0.7821736276530092,0.7577799832862563,0.8108584625250448,0.8108584625250448
346,CNN,50.0,128.0,0.0001,7,520709.0,SMOTE,391.00636553764343,0.22603726387023926,../results/dl/CNN_SMOTE_7_50_128.npy,0.7712883577782963,0.7442070024785704,0.8061068714405859,0.8061068714405859
347,CNN,50.0,128.0,0.0001,8,520709.0,SMOTE,389.288192987442,0.22101354598999023,../results/dl/CNN_SMOTE_8_50_128.npy,0.7301659552013507,0.6960706232619217,0.7757992946851059,0.7757992946851059
348,CNN,50.0,128.0,0.0001,9,520709.0,SMOTE,386.8827688694,0.255185604095459,../results/dl/CNN_SMOTE_9_50_128.npy,0.7724544752473055,0.7407113457141196,0.8121277858217636,0.8121277858217636
349,CNN,50.0,128.0,0.0001,10,520709.0,SMOTE,385.4760465621948,0.20650601387023926,../results/dl/CNN_SMOTE_10_50_128.npy,0.7553168627074073,0.7337109393189952,0.7828042746918831,0.7828042746918831
350,CNN,50.0,128.0,0.0001,1,114717.0,NONE,78.08246040344238,0.34246134757995605,../results/dl/CNN_NONE_1_50_128.npy,0.27686607986696715,0.5475187885699774,0.23730008015937903,0.23730008015937903
351,CNN,50.0,128.0,0.0001,2,114717.0,NONE,80.9669291973114,0.21628928184509277,../results/dl/CNN_NONE_2_50_128.npy,0.28228371971392646,0.5166257365288177,0.2456148121123333,0.2456148121123333
352,CNN,50.0,128.0,0.0001,3,114717.0,NONE,80.05093574523926,0.2498934268951416,../results/dl/CNN_NONE_3_50_128.npy,0.20167998156064545,0.41136242601100786,0.18884798461165805,0.18884798461165805
353,CNN,50.0,128.0,0.0001,4,114717.0,NONE,79.52168321609497,0.21615314483642578,../results/dl/CNN_NONE_4_50_128.npy,0.20312864062164104,0.525040619070341,0.19197412926661234,0.19197412926661234
354,CNN,50.0,128.0,0.0001,5,114718.0,NONE,80.59496235847473,0.26700735092163086,../results/dl/CNN_NONE_5_50_128.npy,0.21925165863566848,0.43949456416171107,0.20092967306140183,0.20092967306140183
355,CNN,50.0,128.0,0.0001,6,114718.0,NONE,80.20100355148315,0.21206402778625488,../results/dl/CNN_NONE_6_50_128.npy,0.18964171650007852,0.4438145850101476,0.18478356031587936,0.18478356031587936
356,CNN,50.0,128.0,0.0001,7,114718.0,NONE,80.927166223526,0.23749947547912598,../results/dl/CNN_NONE_7_50_128.npy,0.2033130254719522,0.48570062103787537,0.19026122760260056,0.19026122760260056
357,CNN,50.0,128.0,0.0001,8,114718.0,NONE,81.87457132339478,0.21820640563964844,../results/dl/CNN_NONE_8_50_128.npy,0.22571328799092025,0.5738322009758855,0.2061175431020855,0.2061175431020855
358,CNN,50.0,128.0,0.0001,9,114718.0,NONE,80.08048820495605,0.22806048393249512,../results/dl/CNN_NONE_9_50_128.npy,0.19302242987806234,0.5215008174672321,0.18383156771146097,0.18383156771146097
359,CNN,50.0,128.0,0.0001,10,114718.0,NONE,79.32337355613708,0.2121880054473877,../results/dl/CNN_NONE_10_50_128.npy,0.22779227071282881,0.5709430064821264,0.2068472306132834,0.2068472306132834
360,LSTM,50.0,128.0,0.0001,1,114717.0,NONE,116.47851395606995,0.7009954452514648,../results/dl/LSTM_NONE_1_50_128.npy,0.1915418264993183,0.4658268195617617,0.18436958647269147,0.18436958647269147
361,LSTM,50.0,128.0,0.0001,1,520702.0,SMOTE,556.0286841392517,0.6548101902008057,../results/dl/LSTM_SMOTE_1_50_128.npy,0.44461469952030963,0.3868210629769741,0.6228789479391553,0.6228789479391553
362,LSTM,50.0,128.0,0.0001,2,114717.0,NONE,123.50141978263855,0.6594631671905518,../results/dl/LSTM_NONE_2_50_128.npy,0.21036437843367992,0.49216273079427253,0.1959865755805922,0.1959865755805922
363,LSTM,50.0,128.0,0.0001,2,520702.0,SMOTE,560.1042284965515,0.6708543300628662,../results/dl/LSTM_SMOTE_2_50_128.npy,0.4297434613057227,0.37492563680400254,0.592925320462027,0.592925320462027
364,LSTM,50.0,128.0,0.0001,3,114717.0,NONE,120.18506264686584,0.7302014827728271,../results/dl/LSTM_NONE_3_50_128.npy,0.20800986456639067,0.5039704775963962,0.1920280928863755,0.1920280928863755
365,LSTM,50.0,128.0,0.0001,3,520702.0,SMOTE,564.5412080287933,0.6562540531158447,../results/dl/LSTM_SMOTE_3_50_128.npy,0.43762298164681146,0.38114192827425697,0.609173453541004,0.609173453541004
366,LSTM,50.0,128.0,0.0001,4,114717.0,NONE,120.74923181533813,0.6691551208496094,../results/dl/LSTM_NONE_4_50_128.npy,0.21293783501548647,0.637398273043401,0.19633628693725605,0.19633628693725605
367,LSTM,50.0,128.0,0.0001,4,520709.0,SMOTE,561.1231334209442,0.7523336410522461,../results/dl/LSTM_SMOTE_4_50_128.npy,0.4717178503216902,0.41069590829097785,0.6385277836171454,0.6385277836171454
368,LSTM,50.0,128.0,0.0001,5,114718.0,NONE,120.69128060340881,0.6709384918212891,../results/dl/LSTM_NONE_5_50_128.npy,0.21190783593718657,0.500237745869207,0.19616672809615365,0.19616672809615365
369,LSTM,50.0,128.0,0.0001,5,520709.0,SMOTE,560.9144279956818,0.6719696521759033,../results/dl/LSTM_SMOTE_5_50_128.npy,0.42296911536321113,0.3718446522751138,0.5904819529084422,0.5904819529084422
370,LSTM,50.0,128.0,0.0001,6,114718.0,NONE,121.59820055961609,0.6678388118743896,../results/dl/LSTM_NONE_6_50_128.npy,0.2065042592129802,0.4298184397873765,0.19708989041851602,0.19708989041851602
371,LSTM,50.0,128.0,0.0001,6,520709.0,SMOTE,553.4955325126648,0.6736428737640381,../results/dl/LSTM_SMOTE_6_50_128.npy,0.45033581503899045,0.3942450335005923,0.6096957778681155,0.6096957778681155
372,LSTM,50.0,128.0,0.0001,7,114718.0,NONE,118.0667827129364,0.6719245910644531,../results/dl/LSTM_NONE_7_50_128.npy,0.22671378751741317,0.5507999125210163,0.20682017291046037,0.20682017291046037
373,LSTM,50.0,128.0,0.0001,7,520709.0,SMOTE,549.4720296859741,0.6560389995574951,../results/dl/LSTM_SMOTE_7_50_128.npy,0.4380117774808982,0.37969338882095177,0.6113873103232124,0.6113873103232124
374,LSTM,50.0,128.0,0.0001,8,114718.0,NONE,119.59392738342285,0.6676836013793945,../results/dl/LSTM_NONE_8_50_128.npy,0.1998359418437743,0.4378250730598269,0.18899115985943044,0.18899115985943044
375,LSTM,50.0,128.0,0.0001,8,520709.0,SMOTE,550.8898413181305,0.6777441501617432,../results/dl/LSTM_SMOTE_8_50_128.npy,0.4574614963728523,0.3989234755369807,0.6321171610920103,0.6321171610920103
376,LSTM,50.0,128.0,0.0001,9,114718.0,NONE,119.39608669281006,0.6599338054656982,../results/dl/LSTM_NONE_9_50_128.npy,0.1821032593759165,0.36862090107227286,0.17655293963959542,0.17655293963959542
377,LSTM,50.0,128.0,0.0001,9,520709.0,SMOTE,558.3735065460205,0.7389724254608154,../results/dl/LSTM_SMOTE_9_50_128.npy,0.4648172734017634,0.4036743704287587,0.6349832239688137,0.6349832239688137
378,LSTM,50.0,128.0,0.0001,10,114718.0,NONE,120.73499798774719,0.674544095993042,../results/dl/LSTM_NONE_10_50_128.npy,0.1910789592701098,0.43197772403030193,0.18390496046507968,0.18390496046507968
379,LSTM,50.0,128.0,0.0001,10,520709.0,SMOTE,548.2977137565613,0.6517372131347656,../results/dl/LSTM_SMOTE_10_50_128.npy,0.44844437107698276,0.3919405214240169,0.6138352903428065,0.6138352903428065
